<?xml version="1.0" encoding="UTF-8"?>
<celerioPack xmlns="http://www.jaxio.com/schema/celerio">
    <packName value="pack-backend-jpa"/>
    <packDescription value="Backend only: almost pure JPA 2.1 with Hibernate 5, Spring 4.2"/>
    <packDescription2 value="Generates entities, meta model and repositories. Used by front-end packs."/>
    <packCommand value="mvn -Pdb,metadata,gen test"/>
    <packCommandHelp value=""/>
    <projectLink value="https://github.com/jaxio/pack-backend-jpa"/>
    <!-- no context for now
    <celerioTemplateContext>
        <entityContextProperties>
            <entityContextProperty property="rest" subPackage="rest" suffix="Resource"/>
        </entityContextProperties>
    </celerioTemplateContext>
    -->
    <celerioTemplateContext>
        <properties>
            <!-- property value can be accessed in templates using
            $pack.getProperty('pagination')
            -->
            <property name="pagination" value="todo_default"/>
        </properties>
        <entityContextProperties>
            <entityContextProperty property="rest" subPackage="rest" suffix="Resource"/>
            <entityContextProperty property="dto" subPackage="dto" suffix="DTO"/>
            <entityContextProperty property="dtoservice" subPackage="dto" suffix="DTOService"/>
            <entityContextProperty property="application" subPackage="application" suffix="Application"/>
        </entityContextProperties>
    </celerioTemplateContext>
</celerioPack>
