$output.file("pom.xml")##
<project xmlns="http://maven.apache.org/POM/4.0.0" xmlns:xsi="http://www.w3.org/2001/XMLSchema-instance"
         xsi:schemaLocation="http://maven.apache.org/POM/4.0.0 http://maven.apache.org/maven-v4_0_0.xsd">
    <modelVersion>4.0.0</modelVersion>
    <groupId>$configuration.rootPackage</groupId>
    <artifactId>$configuration.applicationName</artifactId>
    <packaging>jar</packaging>
    <version>1.0.0-SNAPSHOT</version>
    <name>$configuration.applicationName</name>
    <parent>
        <groupId>org.springframework.boot</groupId>
        <artifactId>spring-boot-starter-parent</artifactId>
        <version>1.5.2.RELEASE</version>
    </parent>
    <properties>
        <!-- ~~~~~~~~ -->
        <!-- Database -->
        <!-- ~~~~~~~~ -->
        <!-- Note: during development using the sames value for your login, password, database name and project name is really convenient -->
        <database.name>celtest</database.name>
        <database.host>localhost</database.host>
        <database.user>root</database.user>
        <database.password>password</database.password>

#if ($jdbcConnectivity.isValid())
        <!-- **** DO NOT USE A PRODUCTION DATABASE **** -->

<jdbc.type>todo</jdbc.type><!-- see 'db' profile, it is used to find the sql script -->
        <!-- jdbc driver -->
        <jdbc.groupId>$jdbcConnectivity.driverGroupId</jdbc.groupId>
        <jdbc.artifactId>$jdbcConnectivity.driverArtifactId</jdbc.artifactId>
        <jdbc.version>$jdbcConnectivity.driverArtifactIdVersion</jdbc.version>

        <!-- jdbc settings -->
        <jdbc.driver>$jdbcConnectivity.driver</jdbc.driver>
        <jdbc.url>$jdbcConnectivity.url</jdbc.url>
        <jdbc.user>$jdbcConnectivity.user</jdbc.user>
        <jdbc.password>$jdbcConnectivity.password</jdbc.password>
        <jdbc.catalog>$jdbcConnectivity.catalog</jdbc.catalog>

        <hibernate.dialect>$jdbcConnectivity.hibernateDialect</hibernate.dialect>
        <sql-maven-plugin.delimiter>$jdbcConnectivity.sqlDelimiter</sql-maven-plugin.delimiter>
#else
        <!-- **** CHANGE THE PROPERTIES BELOW TO USE YOUR OWN DATABASE **** -->
        <!-- **** DO NOT USE A PRODUCTION DATABASE **** -->
        <jdbc.type>mysql</jdbc.type>
<!-- see 'db' profile, it is used to find the sql script -->

        <!-- h2 jdbc driver -->
        <jdbc.groupId>mysql</jdbc.groupId>
        <jdbc.artifactId>mysql-connector-java</jdbc.artifactId>
        <jdbc.version>5.1.25</jdbc.version>

        <!-- h2 jdbc settings -->
        <jdbc.driver>com.mysql.jdbc.Driver</jdbc.driver>
        <!-- <jdbc.url>jdbc:h2:~/pack-backend-jpa;MVCC=TRUE;FILE_LOCK=NO</jdbc.url> -->
        <jdbc.url>jdbc:mysql://10.16.70.167:3306/ivumetastore</jdbc.url> 
        <jdbc.user>root</jdbc.user>
        <jdbc.password>password</jdbc.password>
        <jdbc.catalog></jdbc.catalog>
        <hibernate.dialect>org.hibernate.dialect.MySQL5Dialect</hibernate.dialect>
        <sql-maven-plugin.delimiter>;</sql-maven-plugin.delimiter>
#end

        <!-- ~~~~~~ -->
        <!-- System -->
        <!-- ~~~~~~ -->
        <project.build.sourceEncoding>UTF-8</project.build.sourceEncoding>
        <project.reporting.outputEncoding>UTF-8</project.reporting.outputEncoding>
        <!-- ~~~~~~~~~~~~~~~~~~~~~~~~~~~~~~~~~~~~~~~~~~~~~~~~~~~~~~~ -->
        <!-- Version dependencies when used in multiple dependencies -->
        <!-- ~~~~~~~~~~~~~~~~~~~~~~~~~~~~~~~~~~~~~~~~~~~~~~~~~~~~~~~ -->
        <celerio-maven-plugin.outputDir>${dollar}{project.basedir}</celerio-maven-plugin.outputDir>
        <celerio-maven-plugin.version>$generation.version</celerio-maven-plugin.version>
        <hibernate.version>5.0.2.Final</hibernate.version>
        <spring.version>4.2.2.RELEASE</spring.version>
        <spring-security.version>4.0.2.RELEASE</spring-security.version>
        <!-- ~~~~~~~~~~~~~~~~~~~~~~~~~~~~~~~~~~~~~~~~~~~~~~~~~~~~~ -->
        <!-- Variables substituted in resources file at build time -->
        <!-- ~~~~~~~~~~~~~~~~~~~~~~~~~~~~~~~~~~~~~~~~~~~~~~~~~~~~~ -->
        <!-- logs -->
        <log.target>${dollar}{project.build.directory}/logs</log.target>
        <log.level>DEBUG</log.level>
        <log.sql.queries.level>DEBUG</log.sql.queries.level>
        <!-- hibernate, see by src/main/resource/hibernate.properties -->
        <hibernate.show.sql>true</hibernate.show.sql>
        <hibernate.format.sql>true</hibernate.format.sql>
        <hibernate.generate_statistics>true</hibernate.generate_statistics>
        <hibernate.use_sql_comments>true</hibernate.use_sql_comments>
        <hibernate.ehcache.configuration.file>ehcache.xml</hibernate.ehcache.configuration.file>
        <hibernate.use.second.level.cache>true</hibernate.use.second.level.cache>
        <hibernate.use.query.cache>true</hibernate.use.query.cache>
    </properties>
    <profiles>
        <profile>
            <!-- ~~~~~~~~~~~~~~~~~~~ -->
            <!-- Disable debug modes -->
            <!-- ~~~~~~~~~~~~~~~~~~~ -->
            <id>perf</id>
            <properties>
                <hibernate.show.sql>false</hibernate.show.sql>
                <hibernate.format.sql>false</hibernate.format.sql>
                <hibernate.use_sql_comments>false</hibernate.use_sql_comments>
                <hibernate.generate_statistics>false</hibernate.generate_statistics>
                <log.level>WARN</log.level>
                <log.sql.queries.level>WARN</log.sql.queries.level>
            </properties>
        </profile>
        <!-- ~~~~~~~~~~~~~~~~~~~~~~~~~~~~~~ -->
        <!-- Drop and recreate the database -->
        <!-- ~~~~~~~~~~~~~~~~~~~~~~~~~~~~~~ -->
#if (!$jdbcConnectivity.isValid())
        <!-- <profile>
            <id>db</id>
            <build>
                <defaultGoal>initialize</defaultGoal>
                <plugins>
                    <plugin>
                        http://mojo.codehaus.org/sql-maven-plugin/
                        <groupId>org.codehaus.mojo</groupId>
                        <artifactId>sql-maven-plugin</artifactId>
                        <version>1.5</version>
                        <executions>
                            <execution>
                                <id>Create and initialize the database</id>
                                <phase>initialize</phase>
                                <configuration>
                                    <driver>${dollar}{jdbc.driver}</driver>
                                    <url>${dollar}{jdbc.url}</url>
                                    <username>${dollar}{jdbc.user}</username>
                                    <password>${dollar}{jdbc.password}</password>
                                    <autocommit>true</autocommit>
                                    <encoding>UTF-8</encoding>
                                    <printResultSet>true</printResultSet>
                                    <onError>continue</onError>
                                    <delimiter>${dollar}{sql-maven-plugin.delimiter}</delimiter>
                                    <orderFile>ascending</orderFile>
                                    <fileset>
                                        <basedir>${dollar}{project.basedir}</basedir>
                                        <includes>
                                            <include>src/main/sql/${dollar}{jdbc.type}/*.sql</include>
                                        </includes>
                                    </fileset>
                                </configuration>
                                <goals>
                                    <goal>execute</goal>
                                </goals>
                            </execution>
                        </executions>
                        <dependencies>
                            <dependency>
                                <groupId>${dollar}{jdbc.groupId}</groupId>
                                <artifactId>${dollar}{jdbc.artifactId}</artifactId>
                                <version>${dollar}{jdbc.version}</version>
                            </dependency>
                        </dependencies>
                    </plugin>
                </plugins>
            </build>
        </profile> -->
#end
        <!-- Profiles below are used when Celerio Maven Plugin is present in the build process -->
        <profile>
            <!-- ~~~~~~~~~~~~~~~~~~~~~~~~~~~~~ -->
            <!-- Extract the database metadata -->
            <!-- ~~~~~~~~~~~~~~~~~~~~~~~~~~~~~ -->
            <id>metadata</id>
            <build>
                <defaultGoal>generate-sources</defaultGoal>
                <plugins>
                    <plugin>
                        <groupId>com.jaxio.celerio</groupId>
                        <artifactId>dbmetadata-maven-plugin</artifactId>
                        <version>${dollar}{celerio-maven-plugin.version}</version>
                        <executions>
                            <execution>
                                <id>Extract the database schema.</id>
                                <goals>
                                    <goal>extract-metadata</goal>
                                </goals>
                            </execution>
                             
                        </executions>
                        <dependencies>
                            <dependency>
                                <groupId>${dollar}{jdbc.groupId}</groupId>
                                <artifactId>${dollar}{jdbc.artifactId}</artifactId>
                               <!--  <version>${dollar}{jdbc.version}</version> -->
                               <version>${dollar}{jdbc.version}</version>
                            </dependency>
                        </dependencies>
                    </plugin>
                </plugins>
            </build>
        </profile>
        <profile>
            <!-- ~~~~~~~~~~~~~~~~~~~~~~~~~~~~~~~ -->
            <!-- Generate the code using Celerio -->
            <!-- ~~~~~~~~~~~~~~~~~~~~~~~~~~~~~~~ -->
            <id>gen</id>
            <build>
                <defaultGoal>generate-sources</defaultGoal>
                <plugins>
                    <plugin>
                        <groupId>com.jaxio.celerio</groupId>
                        <artifactId>celerio-maven-plugin</artifactId>
                        <version>${dollar}{celerio-maven-plugin.version}</version>
                        <executions>
                            <execution>
                                <id>Generates files using the extracted database schema.</id>
                                <goals>
                                    <goal>generate</goal>
                                </goals>
                            </execution>
                        </executions>
                        <dependencies>
                            <dependency>
                                <groupId>com.hm.ivu.apie</groupId>
                                <artifactId>ivu.apie.database</artifactId>
                                <version>1.0.0</version>
                            </dependency>
                        </dependencies>
                    </plugin>
                </plugins>
            </build>
        </profile>
        <profile>
            <!-- ~~~~~~~~~~~~~~~~~~~~~~~~~~~~~~~~ -->
            <!-- Delete code generated by Celerios -->
            <!-- ~~~~~~~~~~~~~~~~~~~~~~~~~~~~~~~~ -->
            <id>cleanGen</id>
            <build>
                <plugins>
                    <plugin>
                        <groupId>com.jaxio.celerio</groupId>
                        <artifactId>celerio-maven-plugin</artifactId>
                        <version>${dollar}{celerio-maven-plugin.version}</version>
                        <executions>
                            <execution>
                                <id>Delete previously generated files (use .celerio/ folder)</id>
                                <goals>
                                    <goal>cleanGenerated</goal>
                                </goals>
                            </execution>
                        </executions>
                    </plugin>
                </plugins>
            </build>
        </profile>
        <profile>
        <id>addsource</id>
        <build>
        <plugins>
#if($config.requiresJavaBuildHelper($JAVA) || $config.requiresJavaBuildHelper($JAVA_TEST))
            <plugin>
                <!-- http://mojo.codehaus.org/build-helper-maven-plugin/ -->
                <groupId>org.codehaus.mojo</groupId>
                <artifactId>build-helper-maven-plugin</artifactId>
                <version>1.9.1</version>
                <executions>
#if($config.requiresJavaBuildHelper($JAVA))
                    <execution>
                        <id>Adding generated java folder to build</id>
                        <phase>generate-sources</phase>
                        <goals>
                            <goal>add-source</goal>
                        </goals>
                        <configuration>
                            <sources>
                                <source>${dollar}{celerio-maven-plugin.outputDir}/${JAVA.unixFolder}</source>
#if(!$JAVA.sameAsGeneratedFolder())
                                <source>${dollar}{celerio-maven-plugin.outputDir}/${JAVA.unixGeneratedFolder}</source>
#end
                            </sources>
                        </configuration>
                    </execution>
#end
#if($config.requiresJavaBuildHelper($JAVA_TEST))
                    <execution>
                        <id>Adding generated java test location to test build</id>
                        <phase>generate-sources</phase>
                        <goals>
                            <goal>add-test-source</goal>
                        </goals>
                        <configuration>
                            <sources>
                                <source>${dollar}{celerio-maven-plugin.outputDir}/${JAVA_TEST.unixFolder}</source>
#if(!$JAVA_TEST.sameAsGeneratedFolder())
                                <source>${dollar}{celerio-maven-plugin.outputDir}/${JAVA_TEST.unixGeneratedFolder}</source>
#end
                            </sources>
                        </configuration>
                    </execution>
#end
                </executions>
            </plugin>
#end
        </plugins>
        </build>
        </profile>
    </profiles>
    <!-- ~~~~~~~~~~~~ -->
    <!-- DEPENDENCIES -->
    <!-- ~~~~~~~~~~~~ -->
    <dependencies>
        <!-- ~~~~~~~~~~~~~~~~~~~~~~~~~~~~~~~~~~~~~ -->
        <!-- List your specific dependencies below -->
        <!-- ~~~~~~~~~~~~~~~~~~~~~~~~~~~~~~~~~~~~~ -->

        <!-- ~~~~~~~~~~~~~~~~~~~~~~~~~~~~~~~~~~~~~~~~~~~~ -->
        <!-- Dependencies needed by the generated project -->
        <!-- ~~~~~~~~~~~~~~~~~~~~~~~~~~~~~~~~~~~~~~~~~~~~ -->

        <!-- ~~~~~~~~~~~ -->
        <!-- PERSISTENCE -->
        <!-- ~~~~~~~~~~~ -->

		<dependency>
            <groupId>org.springframework.boot</groupId>
            <artifactId>spring-boot-starter-data-jpa</artifactId>
        </dependency>
        <dependency>
            <groupId>org.springframework.boot</groupId>
            <artifactId>spring-boot-starter-web</artifactId>
        </dependency>
        <!-- https://github.com/jaxio/jpa-query-by-example -->
        <dependency>
            <groupId>com.jaxio</groupId>
            <artifactId>jpa-querybyexample</artifactId>
            <version>1.0.1</version>
        </dependency>

        <dependency>
            <groupId>org.hibernate.javax.persistence</groupId>
            <artifactId>hibernate-jpa-2.1-api</artifactId>
            <version>1.0.0.Final</version>
        </dependency>
        <dependency>
            <groupId>org.hibernate</groupId>
            <artifactId>hibernate-core</artifactId>
            <version>${dollar}{hibernate.version}</version>
        </dependency>
        <dependency>
            <groupId>org.hibernate</groupId>
            <artifactId>hibernate-ehcache</artifactId>
            <version>${dollar}{hibernate.version}</version>
        </dependency>
        <dependency>
            <groupId>org.hibernate</groupId>
            <artifactId>hibernate-entitymanager</artifactId>
            <version>${dollar}{hibernate.version}</version>
        </dependency>
        <dependency>
            <groupId>org.hibernate</groupId>
            <artifactId>hibernate-java8</artifactId>
            <version>${dollar}{hibernate.version}</version>
        </dependency>
        <dependency>
            <groupId>cglib</groupId>
            <artifactId>cglib</artifactId>
            <version>3.1</version>
            <scope>runtime</scope>
        </dependency>
        <dependency>
            <groupId>org.apache.tomcat</groupId>
            <artifactId>tomcat-jdbc</artifactId>
            <version>8.0.28</version>
            <exclusions>
                <exclusion>
                    <groupId>org.apache.tomcat</groupId>
                    <artifactId>tomcat-juli</artifactId>
                </exclusion>
            </exclusions>
        </dependency>
        <dependency>
            <groupId>${dollar}{jdbc.groupId}</groupId>
            <artifactId>${dollar}{jdbc.artifactId}</artifactId>
            <version>${dollar}{jdbc.version}</version>
        </dependency>
        <!-- ~~~~~~~~~~~~~~~~ -->
        <!-- HIBERNATE SEARCH -->
        <!-- ~~~~~~~~~~~~~~~~ -->
        <dependency>
            <groupId>org.hibernate</groupId>
            <artifactId>hibernate-search-orm</artifactId>
            <version>5.5.0.Final</version>
            </dependency>
        <dependency>
            <groupId>org.apache.solr</groupId>
            <artifactId>solr-common</artifactId>
            <version>1.3.0</version>
        </dependency>
        <dependency>
            <groupId>org.apache.solr</groupId>
            <artifactId>solr-core</artifactId>
            <version>5.3.1</version>
        </dependency>
        <dependency>
            <groupId>org.apache.tika</groupId>
            <artifactId>tika-parsers</artifactId>
            <version>1.11</version>
            <exclusions>
                <exclusion>
                    <artifactId>commons-logging</artifactId>
                    <groupId>commons-logging</groupId>
                </exclusion>
            </exclusions>
        </dependency>
        <dependency>
            <groupId>org.codehaus.jackson</groupId>
            <artifactId>jackson-mapper-asl</artifactId>
            <version>1.9.13</version>
        </dependency>
        <!-- ~~~~~~~~~~ -->
        <!-- VALIDATION -->
        <!-- ~~~~~~~~~~ -->
        <dependency>
            <groupId>javax.validation</groupId>
            <artifactId>validation-api</artifactId>
            <version>1.1.0.Final</version>
        </dependency>
        <dependency>
            <groupId>org.hibernate</groupId>
            <artifactId>hibernate-validator</artifactId>
            <version>5.2.2.Final</version>
        </dependency>
        <!--Hibernate Validator requires an implementation of the Unified Expression Language (JSR 341) -->
        <dependency>
            <groupId>javax.el</groupId>
            <artifactId>javax.el-api</artifactId>
            <version>2.2.4</version>
        </dependency>
        <dependency>
            <groupId>org.glassfish.web</groupId>
            <artifactId>javax.el</artifactId>
            <version>2.2.4</version>
        </dependency>
        <dependency> <!-- validation html -->
            <groupId>org.jsoup</groupId>
            <artifactId>jsoup</artifactId>
            <version>1.8.3</version>
        </dependency>
        <!-- ~~~~~~ -->
        <!-- LOGGER -->
        <!-- ~~~~~~ -->
        <dependency>
            <groupId>org.slf4j</groupId>
            <artifactId>slf4j-api</artifactId>
            <version>1.7.12</version>
        </dependency>
        <dependency>
            <groupId>org.slf4j</groupId>
            <artifactId>log4j-over-slf4j</artifactId>
            <version>1.7.12</version>
        </dependency>
        <dependency>
            <groupId>org.slf4j</groupId>
            <artifactId>jcl-over-slf4j</artifactId>
            <version>1.7.12</version>
        </dependency>
        <dependency>
            <groupId>ch.qos.logback</groupId>
            <artifactId>logback-classic</artifactId>
            <version>1.1.3</version>
        </dependency>
        <!-- ~~~~~ -->
        <!-- UTILS -->
        <!-- ~~~~~ -->
        <dependency>
            <groupId>com.google.guava</groupId>
            <artifactId>guava</artifactId>
            <version>18.0</version>
        </dependency>
        <dependency>
            <groupId>commons-io</groupId>
            <artifactId>commons-io</artifactId>
            <version>2.4</version>
        </dependency>
        <dependency>
            <groupId>commons-lang</groupId>
            <artifactId>commons-lang</artifactId>
            <version>2.6</version>
        </dependency>
        <dependency>
            <groupId>commons-fileupload</groupId>
            <artifactId>commons-fileupload</artifactId>
            <version>1.3.1</version>
        </dependency>
        <dependency>
            <groupId>commons-codec</groupId>
            <artifactId>commons-codec</artifactId>
            <version>1.10</version>
        </dependency>
        <dependency>
            <groupId>commons-beanutils</groupId>
            <artifactId>commons-beanutils</artifactId>
            <version>1.9.2</version>
            <exclusions>
                <exclusion>
                    <artifactId>commons-logging</artifactId>
                    <groupId>commons-logging</groupId>
                </exclusion>
            </exclusions>
        </dependency>
        <dependency>
            <groupId>commons-collections</groupId>
            <artifactId>commons-collections</artifactId>
            <version>3.2.1</version>
        </dependency>
        <!-- ~~~~~~ -->
        <!-- SPRING -->
        <!-- ~~~~~~ -->
        <dependency>
            <groupId>javax.inject</groupId>
            <artifactId>javax.inject</artifactId>
            <version>1</version>
        </dependency>
        <dependency>
            <groupId>org.springframework</groupId>
            <artifactId>spring-context</artifactId>
            <version>${dollar}{spring.version}</version>
            <exclusions>
                <exclusion>
                    <artifactId>commons-logging</artifactId>
                    <groupId>commons-logging</groupId>
                </exclusion>
            </exclusions>
        </dependency>
        <dependency>
            <groupId>org.springframework</groupId>
            <artifactId>spring-expression</artifactId>
            <version>${dollar}{spring.version}</version>
        </dependency>
        <dependency>
            <groupId>org.springframework</groupId>
            <artifactId>spring-jdbc</artifactId>
            <version>${dollar}{spring.version}</version>
        </dependency>
        <dependency>
            <groupId>org.springframework</groupId>
            <artifactId>spring-orm</artifactId>
            <version>${dollar}{spring.version}</version>
        </dependency>
        <dependency>
            <groupId>org.springframework</groupId>
            <artifactId>spring-aspects</artifactId>
            <version>${dollar}{spring.version}</version>
        </dependency>
        <dependency>
            <groupId>org.springframework</groupId>
            <artifactId>spring-aop</artifactId>
            <version>${dollar}{spring.version}</version>
        </dependency>
        <dependency>
            <groupId>org.aspectj</groupId>
            <artifactId>aspectjrt</artifactId>
            <version>1.8.7</version>
        </dependency>
        <dependency>
            <groupId>org.aspectj</groupId>
            <artifactId>aspectjweaver</artifactId>
            <version>1.8.7</version>
        </dependency>
        <!-- ~~~~~~~~~~~~~~~ -->
        <!-- SPRING SECURITY -->
        <!-- ~~~~~~~~~~~~~~~ -->
        <dependency>
            <groupId>javax.annotation</groupId>
            <artifactId>jsr250-api</artifactId>
            <version>1.0</version>
        </dependency>
        <dependency>
            <groupId>org.springframework.security</groupId>
            <artifactId>spring-security-core</artifactId>
            <version>${dollar}{spring-security.version}</version>
        </dependency>
        <dependency>
            <groupId>org.springframework.security</groupId>
            <artifactId>spring-security-web</artifactId>
            <version>${dollar}{spring-security.version}</version>
        </dependency>
        <dependency>
            <groupId>org.springframework.security</groupId>
            <artifactId>spring-security-acl</artifactId>
            <version>${dollar}{spring-security.version}</version>
        </dependency>
        <dependency>
            <groupId>org.springframework.security</groupId>
            <artifactId>spring-security-config</artifactId>
            <version>${dollar}{spring-security.version}</version>
        </dependency>
        <!-- ~~~~~~~~~~ -->
        <!-- MONITORING -->
        <!-- ~~~~~~~~~~ -->
        <dependency>
            <groupId>net.bull.javamelody</groupId>
            <artifactId>javamelody-core</artifactId>
            <version>1.57.0</version>
        </dependency>
        <!-- ~~~~ -->
        <!-- TEST -->
        <!-- ~~~~ -->
        <dependency>
            <groupId>junit</groupId>
            <artifactId>junit</artifactId>
            <version>4.12</version>
            <scope>test</scope>
        </dependency>
        <dependency>
            <groupId>org.mockito</groupId>
            <artifactId>mockito-all</artifactId>
            <version>1.10.19</version>
            <scope>test</scope>
        </dependency>
        <dependency>
            <groupId>org.easytesting</groupId>
            <artifactId>fest-assert</artifactId>
            <version>1.4</version>
            <scope>test</scope>
        </dependency>
        <dependency>
            <groupId>org.springframework</groupId>
            <artifactId>spring-test</artifactId>
            <version>${dollar}{spring.version}</version>
            <scope>test</scope>
        </dependency>
        <dependency>
			<groupId>mysql</groupId>
			<artifactId>mysql-connector-java</artifactId>
			<version>5.1.25</version>
		</dependency>
    </dependencies>
    <!-- ~~~~~~~~~~~~ -->
    <!-- REPOSITORIES -->
    <!-- ~~~~~~~~~~~~ -->
    <pluginRepositories>
        <pluginRepository>
            <id>Codehaus Snapshots</id>
            <url>https://nexus.codehaus.org/content/repositories/releases</url>
            <snapshots>
                <enabled>false</enabled>
            </snapshots>
        </pluginRepository>
    </pluginRepositories>
    <repositories>
        <repository>
            <id>jboss</id>
            <url>http://repository.jboss.org/nexus/content/groups/public-jboss</url>
            <snapshots>
                <enabled>false</enabled>
            </snapshots>
        </repository>
    </repositories>

    <!-- ~~~~~ -->
    <!-- BUILD -->
    <!-- ~~~~~ -->
    <build>
        <defaultGoal>test</defaultGoal>
        <resources>
            <resource>
                <directory>${dollar}{celerio-maven-plugin.outputDir}/src/main/resources</directory>
                <filtering>true</filtering>
            </resource>
            <resource>
                <directory>src/main/resources</directory>
                <filtering>true</filtering>
            </resource>
        </resources>
        <testResources>
            <testResource>
                <directory>${dollar}{celerio-maven-plugin.outputDir}/src/test/resources</directory>
                <filtering>true</filtering>
            </testResource>
            <testResource>
                <directory>src/test/resources</directory>
                <filtering>true</filtering>
            </testResource>
        </testResources>
        <plugins>
            <plugin>
                <!-- http://maven.apache.org/plugins/maven-resources-plugin/ -->
                <groupId>org.apache.maven.plugins</groupId>
                <artifactId>maven-resources-plugin</artifactId>
                <version>2.7</version>
                <configuration>
                    <delimiters>
                        <delimiter>@*@</delimiter>
                    </delimiters>
                    <useDefaultDelimiters>false</useDefaultDelimiters>
                    <nonFilteredFileExtensions>
                        <nonFilteredFileExtension>xls</nonFilteredFileExtension>
                        <nonFilteredFileExtension>xlsx</nonFilteredFileExtension>
                        <nonFilteredFileExtension>pdf</nonFilteredFileExtension>
                    </nonFilteredFileExtensions>
                </configuration>
            </plugin>
            <plugin>
                <!-- http://maven.apache.org/plugins/maven-compiler-plugin/ -->
                <groupId>org.apache.maven.plugins</groupId>
                <artifactId>maven-compiler-plugin</artifactId>
                <version>3.3</version>
                <configuration>
                    <source>1.8</source>
                    <target>1.8</target>
                    <compilerArgument>-Xlint</compilerArgument>
                    <showWarnings>true</showWarnings>
                    <showDeprecation>true</showDeprecation>
                </configuration>
            </plugin>
#if($config.requiresJavaBuildHelper($JAVA) || $config.requiresJavaBuildHelper($JAVA_TEST))
            <plugin>
                <!-- http://mojo.codehaus.org/build-helper-maven-plugin/ -->
                <groupId>org.codehaus.mojo</groupId>
                <artifactId>build-helper-maven-plugin</artifactId>
                <version>1.9.1</version>
                <executions>
#if($config.requiresJavaBuildHelper($JAVA))
                    <execution>
                        <id>Adding generated java folder to build</id>
                        <phase>generate-sources</phase>
                        <goals>
                            <goal>add-source</goal>
                        </goals>
                        <configuration>
                            <sources>
                                <source>${dollar}{celerio-maven-plugin.outputDir}/${JAVA.unixFolder}</source>
#if(!$JAVA.sameAsGeneratedFolder())
                                <source>${dollar}{celerio-maven-plugin.outputDir}/${JAVA.unixGeneratedFolder}</source>
#end
                            </sources>
                        </configuration>
                    </execution>
#end
#if($config.requiresJavaBuildHelper($JAVA_TEST))
                    <execution>
                        <id>Adding generated java test location to test build</id>
                        <phase>generate-sources</phase>
                        <goals>
                            <goal>add-test-source</goal>
                        </goals>
                        <configuration>
                            <sources>
                                <source>${dollar}{celerio-maven-plugin.outputDir}/${JAVA_TEST.unixFolder}</source>
#if(!$JAVA_TEST.sameAsGeneratedFolder())
                                <source>${dollar}{celerio-maven-plugin.outputDir}/${JAVA_TEST.unixGeneratedFolder}</source>
#end
                            </sources>
                        </configuration>
                    </execution>
#end
                </executions>
            </plugin>
#end
#if($project.entitiesWithFiles.isNotEmpty())
            <plugin>
                <artifactId>maven-antrun-plugin</artifactId>
                <version>1.7</version>
                <executions>
                    <execution>
                        <id>instrument jpa model to support lazy loading of files</id>
                        <phase>process-classes</phase>
                        <goals>
                            <goal>run</goal>
                        </goals>
                        <configuration>
                            <target>
                                <taskdef name="instrument"
                                         classname="org.hibernate.tool.instrument.javassist.InstrumentTask">
                                    <classpath>
                                        <path refid="maven.dependency.classpath"/>
                                        <path refid="maven.runtime.classpath"/>
                                    </classpath>
                                </taskdef>
                                <instrument verbose="true">
                                    <fileset dir="${dollar}{project.build.outputDirectory}">
#foreach($entity in $project.entitiesWithFiles.list)
                                        <include name="${entity.model.fullType.replace(".","/")}.class" />
#end
                                    </fileset>
                                </instrument>
                            </target>
                        </configuration>
                    </execution>
                </executions>
            </plugin>
#end
            <plugin>
                <!-- http://maven.apache.org/plugins/maven-install-plugin/ -->
                <groupId>org.apache.maven.plugins</groupId>
                <artifactId>maven-install-plugin</artifactId>
                <version>2.5.2</version>
            </plugin>
            <plugin>
                <!-- http://maven.apache.org/plugins/maven-clean-plugin/ -->
                <groupId>org.apache.maven.plugins</groupId>
                <artifactId>maven-clean-plugin</artifactId>
                <version>2.6.1</version>
            </plugin>
            <plugin>
                <!-- http://maven.apache.org/plugins/maven-surefire-plugin/ -->
                <groupId>org.apache.maven.plugins</groupId>
                <artifactId>maven-surefire-plugin</artifactId>
                <version>2.18.1</version>
                <configuration>
                    <!-- surefire uses a new jvm, MAVEN_OPTS are ignored, so you better set the memory options here -->
                    <argLine>-Xmx512m -XX:MaxPermSize=256m</argLine>
                </configuration>
            </plugin>
            <plugin>
                <!-- http://maven.apache.org/plugins/maven-failsafe-plugin/ -->
                <groupId>org.apache.maven.plugins</groupId>
                <artifactId>maven-failsafe-plugin</artifactId>
                <version>2.18.1</version>
                <executions>
                    <execution>
                        <id>integration-test</id>
                        <goals>
                            <goal>integration-test</goal>
                        </goals>
                    </execution>
                    <execution>
                        <id>verify</id>
                        <goals>
                            <goal>verify</goal>
                        </goals>
                    </execution>
                </executions>
            </plugin>
            <plugin>
                <!-- http://maven.apache.org/plugins/maven-release-plugin/ -->
                <groupId>org.apache.maven.plugins</groupId>
                <artifactId>maven-release-plugin</artifactId>
                <version>2.5.2</version>
                <configuration>
                    <arguments>-Pdb,metadata,gen</arguments>
                    <releaseProfiles>db,metadata,gen</releaseProfiles>
                </configuration>
            </plugin>
        </plugins>
    </build>
</project>
