$output.resource("logback.xml")##
<configuration>
	<appender name="Console" class="ch.qos.logback.core.ConsoleAppender">
		<encoder>
			<pattern>%-5level %C{3}.%M %m%n</pattern>
		</encoder>
	</appender>

	<appender name="File" class="ch.qos.logback.core.rolling.RollingFileAppender">
		<file>@log.target@/@project.name@-@project.version@.log</file>
		<rollingPolicy class="ch.qos.logback.core.rolling.FixedWindowRollingPolicy">
			<fileNamePattern>@log.target@/@project.name@-@project.version@.%i.log</fileNamePattern>
			<minIndex>1</minIndex>
			<maxIndex>5</maxIndex>
		</rollingPolicy>
		<triggeringPolicy class="ch.qos.logback.core.rolling.SizeBasedTriggeringPolicy">
			<maxFileSize>1MB</maxFileSize>
		</triggeringPolicy>
		<encoder>
			<pattern>[%d{ISO8601}] [%-5level] [%X{session_id}] [%X{login}] [%C{3}.%M] %m%n</pattern>
		</encoder>
	</appender>

	<!-- Log Hibernate SQL queries to file (log level must be DEBUG to enable it) -->
	<logger name="org.hibernate.SQL" additivity="false">
		<level value="@log.sql.queries.level@" />
		<appender-ref ref="File" />
	</logger>

	<!-- log the param value in the prepared statement and the query result! (log level must be TRACE to enable it) -->
	<!--<logger name="org.hibernate.type"> -->
	<!--<level value="trace" /> -->
	<!-- <appender-ref ref="File"/> -->
	<!--</logger> -->

	<logger name="org.hibernate.cache.EhCacheProvider" level="error" />
	<logger name="org.hibernate" level="warn" />
	<logger name="org.hibernate.search.impl.SimpleIndexingProgressMonitor" level="@log.level@" />
	<logger name="org.hibernate.engine.jdbc.internal.JdbcCoordinatorImpl" level="error" /> <!-- until hibernate HHH-8210 is resolved -->
	<logger name="org.springframework.security" level="warn" />
	<logger name="org.apache.commons" level="warn" />
	<logger name="org.apache.commons.jexl2.JexlEngine" level="error" />
	<logger name="org.springframework" level="warn" />
	<logger name="org.springframework.beans.factory.support" level="warn" />

	<logger name="LOG4J" level="INFO" />
	<logger name="SLF4J" level="WARN" />
	<logger name="JCL" level="INFO" />

	<logger name="${Root.packageName}" level="@log.level@" />
	<logger name="${RepositorySupport.packageName}.HibernateSearchUtil" level="@log.level@" />
	<logger name="${Repository.packageName}" level="warn" />

	<root level="warn">
		<appender-ref ref="Console" />
		<appender-ref ref="File" />
	</root>

</configuration>